url,reason
https://x.com/toplinesec/status/2049748772163612943,tweet_fetch_failed_or_private
https://x.com/toplinesec/status/2049720761821036731,tweet_fetch_failed_or_private
https://x.com/toplinesec/status/2049698142476771486,tweet_fetch_failed_or_private
https://x.com/toplinesec/status/2049697270489383383,tweet_fetch_failed_or_private
https://x.com/toplinesec/status/2049696987487113324,tweet_fetch_failed_or_private
https://x.com/toplinesec/status/2049693739682062814,tweet_fetch_failed_or_private
https://x.com/toplinesec/status/2049693226261454890,tweet_fetch_failed_or_private
https://x.com/toplinesec/status/2049504280860672405,tweet_fetch_failed_or_private
https://x.com/toplinesec/status/2049492192763273572,tweet_fetch_failed_or_private
https://x.com/toplinesec/status/2049487374518759460,tweet_fetch_failed_or_private
https://x.com/toplinesec/status/2049486829120811374,tweet_fetch_failed_or_private
https://x.com/toplinesec/status/2049484231890403459,tweet_fetch_failed_or_private
https://x.com/toplinesec/status/2049481591106175313,tweet_fetch_failed_or_private
https://x.com/toplinesec/status/2049473689574412741,tweet_fetch_failed_or_private
https://x.com/toplinesec/status/2049457792335982644,tweet_fetch_failed_or_private
https://x.com/toplinesec/status/2049448012120814005,tweet_fetch_failed_or_private
https://x.com/toplinesec/status/2049437459730112745,tweet_fetch_failed_or_private
https://x.com/toplinesec/status/2049430484174745762,tweet_fetch_failed_or_private
https://x.com/toplinesec/status/2049426429755146708,tweet_fetch_failed_or_private
https://x.com/toplinesec/status/2049422779485991400,tweet_fetch_failed_or_private
https://x.com/toplinesec/status/1917726623641847939,tweet_fetch_failed_or_private
